Date,Source,Site ID,POC,Daily Mean PM2.5 Concentration,Units,Daily AQI Value,Local Site Name,Daily Obs Count,Percent Complete,AQS Parameter Code,AQS Parameter Description,Method Code,Method Description,CBSA Code,CBSA Name,State FIPS Code,State,County FIPS Code,County,Site Latitude,Site Longitude
01-01-2025,AQS,340030010,3,4.3,ug/m3 LC,24,Fort Lee Near Road,1,100,88101,PM2.5 - Local Conditions,209,Met One BAM-1022 Mass Monitor w/ VSCC or TE-PM2.5C,35620,"New York-Newark-Jersey City, NY-NJ-PA",34,New Jersey,3,Bergen,40.85355,-73.96618
02-01-2025,AQS,340030010,3,1.2,ug/m3 LC,7,Fort Lee Near Road,1,100,88101,PM2.5 - Local Conditions,209,Met One BAM-1022 Mass Monitor w/ VSCC or TE-PM2.5C,35620,"New York-Newark-Jersey City, NY-NJ-PA",34,New Jersey,3,Bergen,40.85355,-73.96618
03-01-2025,AQS,340030010,3,2.9,ug/m3 LC,16,Fort Lee Near Road,1,100,88101,PM2.5 - Local Conditions,209,Met One BAM-1022 Mass Monitor w/ VSCC or TE-PM2.5C,35620,"New York-Newark-Jersey City, NY-NJ-PA",34,New Jersey,3,Bergen,40.85355,-73.96618
04-01-2025,AQS,340030010,3,0.6,ug/m3 LC,3,Fort Lee Near Road,1,100,88101,PM2.5 - Local Conditions,209,Met One BAM-1022 Mass Monitor w/ VSCC or TE-PM2.5C,35620,"New York-Newark-Jersey City, NY-NJ-PA",34,New Jersey,3,Bergen,40.85355,-73.96618
05-01-2025,AQS,340030010,3,1.3,ug/m3 LC,7,Fort Lee Near Road,1,100,88101,PM2.5 - Local Conditions,209,Met One BAM-1022 Mass Monitor w/ VSCC or TE-PM2.5C,35620,"New York-Newark-Jersey City, NY-NJ-PA",34,New Jersey,3,Bergen,40.85355,-73.96618
06-01-2025,AQS,340030010,3,2.9,ug/m3 LC,16,Fort Lee Near Road,1,100,88101,PM2.5 - Local Conditions,209,Met One BAM-1022 Mass Monitor w/ VSCC or TE-PM2.5C,35620,"New York-Newark-Jersey City, NY-NJ-PA",34,New Jersey,3,Bergen,40.85355,-73.96618
07-01-2025,AQS,340030010,3,1.5,ug/m3 LC,8,Fort Lee Near Road,1,100,88101,PM2.5 - Local Conditions,209,Met One BAM-1022 Mass Monitor w/ VSCC or TE-PM2.5C,35620,"New York-Newark-Jersey City, NY-NJ-PA",34,New Jersey,3,Bergen,40.85355,-73.96618
08-01-2025,AQS,340030010,3,0.3,ug/m3 LC,2,Fort Lee Near Road,1,100,88101,PM2.5 - Local Conditions,209,Met One BAM-1022 Mass Monitor w/ VSCC or TE-PM2.5C,35620,"New York-Newark-Jersey City, NY-NJ-PA",34,New Jersey,3,Bergen,40.85355,-73.96618
09-01-2025,AQS,340030010,3,0.7,ug/m3 LC,4,Fort Lee Near Road,1,100,88101,PM2.5 - Local Conditions,209,Met One BAM-1022 Mass Monitor w/ VSCC or TE-PM2.5C,35620,"New York-Newark-Jersey City, NY-NJ-PA",34,New Jersey,3,Bergen,40.85355,-73.96618
10-01-2025,AQS,340030010,3,1.5,ug/m3 LC,8,Fort Lee Near Road,1,100,88101,PM2.5 - Local Conditions,209,Met One BAM-1022 Mass Monitor w/ VSCC or TE-PM2.5C,35620,"New York-Newark-Jersey City, NY-NJ-PA",34,New Jersey,3,Bergen,40.85355,-73.96618
11-01-2025,AQS,340030010,3,3.4,ug/m3 LC,19,Fort Lee Near Road,1,100,88101,PM2.5 - Local Conditions,209,Met One BAM-1022 Mass Monitor w/ VSCC or TE-PM2.5C,35620,"New York-Newark-Jersey City, NY-NJ-PA",34,New Jersey,3,Bergen,40.85355,-73.96618
12-01-2025,AQS,340030010,3,7.4,ug/m3 LC,41,Fort Lee Near Road,1,100,88101,PM2.5 - Local Conditions,209,Met One BAM-1022 Mass Monitor w/ VSCC or TE-PM2.5C,35620,"New York-Newark-Jersey City, NY-NJ-PA",34,New Jersey,3,Bergen,40.85355,-73.96618
13-01-2025,AQS,340030010,3,11.7,ug/m3 LC,56,Fort Lee Near Road,1,100,88101,PM2.5 - Local Conditions,209,Met One BAM-1022 Mass Monitor w/ VSCC or TE-PM2.5C,35620,"New York-Newark-Jersey City, NY-NJ-PA",34,New Jersey,3,Bergen,40.85355,-73.96618
14-01-2025,AQS,340030010,3,3.3,ug/m3 LC,18,Fort Lee Near Road,1,100,88101,PM2.5 - Local Conditions,209,Met One BAM-1022 Mass Monitor w/ VSCC or TE-PM2.5C,35620,"New York-Newark-Jersey City, NY-NJ-PA",34,New Jersey,3,Bergen,40.85355,-73.96618
15-01-2025,AQS,340030010,3,0.9,ug/m3 LC,5,Fort Lee Near Road,1,100,88101,PM2.5 - Local Conditions,209,Met One BAM-1022 Mass Monitor w/ VSCC or TE-PM2.5C,35620,"New York-Newark-Jersey City, NY-NJ-PA",34,New Jersey,3,Bergen,40.85355,-73.96618
16-01-2025,AQS,340030010,3,6.1,ug/m3 LC,34,Fort Lee Near Road,1,100,88101,PM2.5 - Local Conditions,209,Met One BAM-1022 Mass Monitor w/ VSCC or TE-PM2.5C,35620,"New York-Newark-Jersey City, NY-NJ-PA",34,New Jersey,3,Bergen,40.85355,-73.96618
17-01-2025,AQS,340030010,3,12.6,ug/m3 LC,58,Fort Lee Near Road,1,100,88101,PM2.5 - Local Conditions,209,Met One BAM-1022 Mass Monitor w/ VSCC or TE-PM2.5C,35620,"New York-Newark-Jersey City, NY-NJ-PA",34,New Jersey,3,Bergen,40.85355,-73.96618
18-01-2025,AQS,340030010,3,8.5,ug/m3 LC,47,Fort Lee Near Road,1,100,88101,PM2.5 - Local Conditions,209,Met One BAM-1022 Mass Monitor w/ VSCC or TE-PM2.5C,35620,"New York-Newark-Jersey City, NY-NJ-PA",34,New Jersey,3,Bergen,40.85355,-73.96618
19-01-2025,AQS,340030010,3,7,ug/m3 LC,39,Fort Lee Near Road,1,100,88101,PM2.5 - Local Conditions,209,Met One BAM-1022 Mass Monitor w/ VSCC or TE-PM2.5C,35620,"New York-Newark-Jersey City, NY-NJ-PA",34,New Jersey,3,Bergen,40.85355,-73.96618
20-01-2025,AQS,340030010,3,1.4,ug/m3 LC,8,Fort Lee Near Road,1,100,88101,PM2.5 - Local Conditions,209,Met One BAM-1022 Mass Monitor w/ VSCC or TE-PM2.5C,35620,"New York-Newark-Jersey City, NY-NJ-PA",34,New Jersey,3,Bergen,40.85355,-73.96618
21-01-2025,AQS,340030010,3,5,ug/m3 LC,28,Fort Lee Near Road,1,100,88101,PM2.5 - Local Conditions,209,Met One BAM-1022 Mass Monitor w/ VSCC or TE-PM2.5C,35620,"New York-Newark-Jersey City, NY-NJ-PA",34,New Jersey,3,Bergen,40.85355,-73.96618
22-01-2025,AQS,340030010,3,8.1,ug/m3 LC,45,Fort Lee Near Road,1,100,88101,PM2.5 - Local Conditions,209,Met One BAM-1022 Mass Monitor w/ VSCC or TE-PM2.5C,35620,"New York-Newark-Jersey City, NY-NJ-PA",34,New Jersey,3,Bergen,40.85355,-73.96618
23-01-2025,AQS,340030010,3,14.7,ug/m3 LC,61,Fort Lee Near Road,1,100,88101,PM2.5 - Local Conditions,209,Met One BAM-1022 Mass Monitor w/ VSCC or TE-PM2.5C,35620,"New York-Newark-Jersey City, NY-NJ-PA",34,New Jersey,3,Bergen,40.85355,-73.96618
24-01-2025,AQS,340030010,3,10.9,ug/m3 LC,54,Fort Lee Near Road,1,100,88101,PM2.5 - Local Conditions,209,Met One BAM-1022 Mass Monitor w/ VSCC or TE-PM2.5C,35620,"New York-Newark-Jersey City, NY-NJ-PA",34,New Jersey,3,Bergen,40.85355,-73.96618
25-01-2025,AQS,340030010,3,9.4,ug/m3 LC,52,Fort Lee Near Road,1,100,88101,PM2.5 - Local Conditions,209,Met One BAM-1022 Mass Monitor w/ VSCC or TE-PM2.5C,35620,"New York-Newark-Jersey City, NY-NJ-PA",34,New Jersey,3,Bergen,40.85355,-73.96618
26-01-2025,AQS,340030010,3,9.6,ug/m3 LC,52,Fort Lee Near Road,1,100,88101,PM2.5 - Local Conditions,209,Met One BAM-1022 Mass Monitor w/ VSCC or TE-PM2.5C,35620,"New York-Newark-Jersey City, NY-NJ-PA",34,New Jersey,3,Bergen,40.85355,-73.96618
27-01-2025,AQS,340030010,3,5.7,ug/m3 LC,32,Fort Lee Near Road,1,100,88101,PM2.5 - Local Conditions,209,Met One BAM-1022 Mass Monitor w/ VSCC or TE-PM2.5C,35620,"New York-Newark-Jersey City, NY-NJ-PA",34,New Jersey,3,Bergen,40.85355,-73.96618
28-01-2025,AQS,340030010,3,4.1,ug/m3 LC,23,Fort Lee Near Road,1,100,88101,PM2.5 - Local Conditions,209,Met One BAM-1022 Mass Monitor w/ VSCC or TE-PM2.5C,35620,"New York-Newark-Jersey City, NY-NJ-PA",34,New Jersey,3,Bergen,40.85355,-73.96618
29-01-2025,AQS,340030010,3,5.4,ug/m3 LC,30,Fort Lee Near Road,1,100,88101,PM2.5 - Local Conditions,209,Met One BAM-1022 Mass Monitor w/ VSCC or TE-PM2.5C,35620,"New York-Newark-Jersey City, NY-NJ-PA",34,New Jersey,3,Bergen,40.85355,-73.96618
30-01-2025,AQS,340030010,3,1.9,ug/m3 LC,11,Fort Lee Near Road,1,100,88101,PM2.5 - Local Conditions,209,Met One BAM-1022 Mass Monitor w/ VSCC or TE-PM2.5C,35620,"New York-Newark-Jersey City, NY-NJ-PA",34,New Jersey,3,Bergen,40.85355,-73.96618
31-01-2025,AQS,340030010,3,14.8,ug/m3 LC,62,Fort Lee Near Road,1,100,88101,PM2.5 - Local Conditions,209,Met One BAM-1022 Mass Monitor w/ VSCC or TE-PM2.5C,35620,"New York-Newark-Jersey City, NY-NJ-PA",34,New Jersey,3,Bergen,40.85355,-73.96618
01-02-2025,AQS,340030010,3,6.1,ug/m3 LC,34,Fort Lee Near Road,1,100,88101,PM2.5 - Local Conditions,209,Met One BAM-1022 Mass Monitor w/ VSCC or TE-PM2.5C,35620,"New York-Newark-Jersey City, NY-NJ-PA",34,New Jersey,3,Bergen,40.85355,-73.96618
02-02-2025,AQS,340030010,3,3.2,ug/m3 LC,18,Fort Lee Near Road,1,100,88101,PM2.5 - Local Conditions,209,Met One BAM-1022 Mass Monitor w/ VSCC or TE-PM2.5C,35620,"New York-Newark-Jersey City, NY-NJ-PA",34,New Jersey,3,Bergen,40.85355,-73.96618
03-02-2025,AQS,340030010,3,14.9,ug/m3 LC,62,Fort Lee Near Road,1,100,88101,PM2.5 - Local Conditions,209,Met One BAM-1022 Mass Monitor w/ VSCC or TE-PM2.5C,35620,"New York-Newark-Jersey City, NY-NJ-PA",34,New Jersey,3,Bergen,40.85355,-73.96618
04-02-2025,AQS,340030010,3,6,ug/m3 LC,33,Fort Lee Near Road,1,100,88101,PM2.5 - Local Conditions,209,Met One BAM-1022 Mass Monitor w/ VSCC or TE-PM2.5C,35620,"New York-Newark-Jersey City, NY-NJ-PA",34,New Jersey,3,Bergen,40.85355,-73.96618
05-02-2025,AQS,340030010,3,2.6,ug/m3 LC,14,Fort Lee Near Road,1,100,88101,PM2.5 - Local Conditions,209,Met One BAM-1022 Mass Monitor w/ VSCC or TE-PM2.5C,35620,"New York-Newark-Jersey City, NY-NJ-PA",34,New Jersey,3,Bergen,40.85355,-73.96618
06-02-2025,AQS,340030010,3,8.1,ug/m3 LC,45,Fort Lee Near Road,1,100,88101,PM2.5 - Local Conditions,209,Met One BAM-1022 Mass Monitor w/ VSCC or TE-PM2.5C,35620,"New York-Newark-Jersey City, NY-NJ-PA",34,New Jersey,3,Bergen,40.85355,-73.96618
07-02-2025,AQS,340030010,3,7.2,ug/m3 LC,40,Fort Lee Near Road,1,100,88101,PM2.5 - Local Conditions,209,Met One BAM-1022 Mass Monitor w/ VSCC or TE-PM2.5C,35620,"New York-Newark-Jersey City, NY-NJ-PA",34,New Jersey,3,Bergen,40.85355,-73.96618
08-02-2025,AQS,340030010,3,4.9,ug/m3 LC,27,Fort Lee Near Road,1,100,88101,PM2.5 - Local Conditions,209,Met One BAM-1022 Mass Monitor w/ VSCC or TE-PM2.5C,35620,"New York-Newark-Jersey City, NY-NJ-PA",34,New Jersey,3,Bergen,40.85355,-73.96618
09-02-2025,AQS,340030010,3,5.1,ug/m3 LC,28,Fort Lee Near Road,1,100,88101,PM2.5 - Local Conditions,209,Met One BAM-1022 Mass Monitor w/ VSCC or TE-PM2.5C,35620,"New York-Newark-Jersey City, NY-NJ-PA",34,New Jersey,3,Bergen,40.85355,-73.96618
10-02-2025,AQS,340030010,3,4.4,ug/m3 LC,24,Fort Lee Near Road,1,100,88101,PM2.5 - Local Conditions,209,Met One BAM-1022 Mass Monitor w/ VSCC or TE-PM2.5C,35620,"New York-Newark-Jersey City, NY-NJ-PA",34,New Jersey,3,Bergen,40.85355,-73.96618
11-02-2025,AQS,340030010,3,6.8,ug/m3 LC,38,Fort Lee Near Road,1,100,88101,PM2.5 - Local Conditions,209,Met One BAM-1022 Mass Monitor w/ VSCC or TE-PM2.5C,35620,"New York-Newark-Jersey City, NY-NJ-PA",34,New Jersey,3,Bergen,40.85355,-73.96618
12-02-2025,AQS,340030010,3,12.4,ug/m3 LC,57,Fort Lee Near Road,1,100,88101,PM2.5 - Local Conditions,209,Met One BAM-1022 Mass Monitor w/ VSCC or TE-PM2.5C,35620,"New York-Newark-Jersey City, NY-NJ-PA",34,New Jersey,3,Bergen,40.85355,-73.96618
13-02-2025,AQS,340030010,3,4.5,ug/m3 LC,25,Fort Lee Near Road,1,100,88101,PM2.5 - Local Conditions,209,Met One BAM-1022 Mass Monitor w/ VSCC or TE-PM2.5C,35620,"New York-Newark-Jersey City, NY-NJ-PA",34,New Jersey,3,Bergen,40.85355,-73.96618
14-02-2025,AQS,340030010,3,2.8,ug/m3 LC,16,Fort Lee Near Road,1,100,88101,PM2.5 - Local Conditions,209,Met One BAM-1022 Mass Monitor w/ VSCC or TE-PM2.5C,35620,"New York-Newark-Jersey City, NY-NJ-PA",34,New Jersey,3,Bergen,40.85355,-73.96618
15-02-2025,AQS,340030010,3,4.8,ug/m3 LC,27,Fort Lee Near Road,1,100,88101,PM2.5 - Local Conditions,209,Met One BAM-1022 Mass Monitor w/ VSCC or TE-PM2.5C,35620,"New York-Newark-Jersey City, NY-NJ-PA",34,New Jersey,3,Bergen,40.85355,-73.96618
16-02-2025,AQS,340030010,3,2.8,ug/m3 LC,16,Fort Lee Near Road,1,100,88101,PM2.5 - Local Conditions,209,Met One BAM-1022 Mass Monitor w/ VSCC or TE-PM2.5C,35620,"New York-Newark-Jersey City, NY-NJ-PA",34,New Jersey,3,Bergen,40.85355,-73.96618
17-02-2025,AQS,340030010,3,1.2,ug/m3 LC,7,Fort Lee Near Road,1,100,88101,PM2.5 - Local Conditions,209,Met One BAM-1022 Mass Monitor w/ VSCC or TE-PM2.5C,35620,"New York-Newark-Jersey City, NY-NJ-PA",34,New Jersey,3,Bergen,40.85355,-73.96618
18-02-2025,AQS,340030010,3,1.7,ug/m3 LC,9,Fort Lee Near Road,1,100,88101,PM2.5 - Local Conditions,209,Met One BAM-1022 Mass Monitor w/ VSCC or TE-PM2.5C,35620,"New York-Newark-Jersey City, NY-NJ-PA",34,New Jersey,3,Bergen,40.85355,-73.96618
19-02-2025,AQS,340030010,3,0.6,ug/m3 LC,3,Fort Lee Near Road,1,100,88101,PM2.5 - Local Conditions,209,Met One BAM-1022 Mass Monitor w/ VSCC or TE-PM2.5C,35620,"New York-Newark-Jersey City, NY-NJ-PA",34,New Jersey,3,Bergen,40.85355,-73.96618
20-02-2025,AQS,340030010,3,2.2,ug/m3 LC,12,Fort Lee Near Road,1,100,88101,PM2.5 - Local Conditions,209,Met One BAM-1022 Mass Monitor w/ VSCC or TE-PM2.5C,35620,"New York-Newark-Jersey City, NY-NJ-PA",34,New Jersey,3,Bergen,40.85355,-73.96618
21-02-2025,AQS,340030010,3,1.5,ug/m3 LC,8,Fort Lee Near Road,1,100,88101,PM2.5 - Local Conditions,209,Met One BAM-1022 Mass Monitor w/ VSCC or TE-PM2.5C,35620,"New York-Newark-Jersey City, NY-NJ-PA",34,New Jersey,3,Bergen,40.85355,-73.96618
22-02-2025,AQS,340030010,3,6.3,ug/m3 LC,35,Fort Lee Near Road,1,100,88101,PM2.5 - Local Conditions,209,Met One BAM-1022 Mass Monitor w/ VSCC or TE-PM2.5C,35620,"New York-Newark-Jersey City, NY-NJ-PA",34,New Jersey,3,Bergen,40.85355,-73.96618
23-02-2025,AQS,340030010,3,9.4,ug/m3 LC,52,Fort Lee Near Road,1,100,88101,PM2.5 - Local Conditions,209,Met One BAM-1022 Mass Monitor w/ VSCC or TE-PM2.5C,35620,"New York-Newark-Jersey City, NY-NJ-PA",34,New Jersey,3,Bergen,40.85355,-73.96618
24-02-2025,AQS,340030010,3,12.1,ug/m3 LC,57,Fort Lee Near Road,1,100,88101,PM2.5 - Local Conditions,209,Met One BAM-1022 Mass Monitor w/ VSCC or TE-PM2.5C,35620,"New York-Newark-Jersey City, NY-NJ-PA",34,New Jersey,3,Bergen,40.85355,-73.96618
25-02-2025,AQS,340030010,3,10,ug/m3 LC,53,Fort Lee Near Road,1,100,88101,PM2.5 - Local Conditions,209,Met One BAM-1022 Mass Monitor w/ VSCC or TE-PM2.5C,35620,"New York-Newark-Jersey City, NY-NJ-PA",34,New Jersey,3,Bergen,40.85355,-73.96618
26-02-2025,AQS,340030010,3,5.4,ug/m3 LC,30,Fort Lee Near Road,1,100,88101,PM2.5 - Local Conditions,209,Met One BAM-1022 Mass Monitor w/ VSCC or TE-PM2.5C,35620,"New York-Newark-Jersey City, NY-NJ-PA",34,New Jersey,3,Bergen,40.85355,-73.96618
27-02-2025,AQS,340030010,3,10.5,ug/m3 LC,54,Fort Lee Near Road,1,100,88101,PM2.5 - Local Conditions,209,Met One BAM-1022 Mass Monitor w/ VSCC or TE-PM2.5C,35620,"New York-Newark-Jersey City, NY-NJ-PA",34,New Jersey,3,Bergen,40.85355,-73.96618
28-02-2025,AQS,340030010,3,3.8,ug/m3 LC,21,Fort Lee Near Road,1,100,88101,PM2.5 - Local Conditions,209,Met One BAM-1022 Mass Monitor w/ VSCC or TE-PM2.5C,35620,"New York-Newark-Jersey City, NY-NJ-PA",34,New Jersey,3,Bergen,40.85355,-73.96618
01-03-2025,AQS,340030010,3,4.9,ug/m3 LC,27,Fort Lee Near Road,1,100,88101,PM2.5 - Local Conditions,209,Met One BAM-1022 Mass Monitor w/ VSCC or TE-PM2.5C,35620,"New York-Newark-Jersey City, NY-NJ-PA",34,New Jersey,3,Bergen,40.85355,-73.96618
02-03-2025,AQS,340030010,3,1.4,ug/m3 LC,8,Fort Lee Near Road,1,100,88101,PM2.5 - Local Conditions,209,Met One BAM-1022 Mass Monitor w/ VSCC or TE-PM2.5C,35620,"New York-Newark-Jersey City, NY-NJ-PA",34,New Jersey,3,Bergen,40.85355,-73.96618
03-03-2025,AQS,340030010,3,3.3,ug/m3 LC,18,Fort Lee Near Road,1,100,88101,PM2.5 - Local Conditions,209,Met One BAM-1022 Mass Monitor w/ VSCC or TE-PM2.5C,35620,"New York-Newark-Jersey City, NY-NJ-PA",34,New Jersey,3,Bergen,40.85355,-73.96618
04-03-2025,AQS,340030010,3,10.7,ug/m3 LC,54,Fort Lee Near Road,1,100,88101,PM2.5 - Local Conditions,209,Met One BAM-1022 Mass Monitor w/ VSCC or TE-PM2.5C,35620,"New York-Newark-Jersey City, NY-NJ-PA",34,New Jersey,3,Bergen,40.85355,-73.96618
05-03-2025,AQS,340030010,3,10.2,ug/m3 LC,53,Fort Lee Near Road,1,100,88101,PM2.5 - Local Conditions,209,Met One BAM-1022 Mass Monitor w/ VSCC or TE-PM2.5C,35620,"New York-Newark-Jersey City, NY-NJ-PA",34,New Jersey,3,Bergen,40.85355,-73.96618
06-03-2025,AQS,340030010,3,3.9,ug/m3 LC,22,Fort Lee Near Road,1,100,88101,PM2.5 - Local Conditions,209,Met One BAM-1022 Mass Monitor w/ VSCC or TE-PM2.5C,35620,"New York-Newark-Jersey City, NY-NJ-PA",34,New Jersey,3,Bergen,40.85355,-73.96618
07-03-2025,AQS,340030010,3,2.4,ug/m3 LC,13,Fort Lee Near Road,1,100,88101,PM2.5 - Local Conditions,209,Met One BAM-1022 Mass Monitor w/ VSCC or TE-PM2.5C,35620,"New York-Newark-Jersey City, NY-NJ-PA",34,New Jersey,3,Bergen,40.85355,-73.96618
08-03-2025,AQS,340030010,3,2,ug/m3 LC,11,Fort Lee Near Road,1,100,88101,PM2.5 - Local Conditions,209,Met One BAM-1022 Mass Monitor w/ VSCC or TE-PM2.5C,35620,"New York-Newark-Jersey City, NY-NJ-PA",34,New Jersey,3,Bergen,40.85355,-73.96618
09-03-2025,AQS,340030010,3,3,ug/m3 LC,17,Fort Lee Near Road,1,100,88101,PM2.5 - Local Conditions,209,Met One BAM-1022 Mass Monitor w/ VSCC or TE-PM2.5C,35620,"New York-Newark-Jersey City, NY-NJ-PA",34,New Jersey,3,Bergen,40.85355,-73.96618
10-03-2025,AQS,340030010,3,6.7,ug/m3 LC,37,Fort Lee Near Road,1,100,88101,PM2.5 - Local Conditions,209,Met One BAM-1022 Mass Monitor w/ VSCC or TE-PM2.5C,35620,"New York-Newark-Jersey City, NY-NJ-PA",34,New Jersey,3,Bergen,40.85355,-73.96618
11-03-2025,AQS,340030010,3,9.3,ug/m3 LC,51,Fort Lee Near Road,1,100,88101,PM2.5 - Local Conditions,209,Met One BAM-1022 Mass Monitor w/ VSCC or TE-PM2.5C,35620,"New York-Newark-Jersey City, NY-NJ-PA",34,New Jersey,3,Bergen,40.85355,-73.96618
12-03-2025,AQS,340030010,3,4.1,ug/m3 LC,23,Fort Lee Near Road,1,100,88101,PM2.5 - Local Conditions,209,Met One BAM-1022 Mass Monitor w/ VSCC or TE-PM2.5C,35620,"New York-Newark-Jersey City, NY-NJ-PA",34,New Jersey,3,Bergen,40.85355,-73.96618
13-03-2025,AQS,340030010,3,5.3,ug/m3 LC,29,Fort Lee Near Road,1,100,88101,PM2.5 - Local Conditions,209,Met One BAM-1022 Mass Monitor w/ VSCC or TE-PM2.5C,35620,"New York-Newark-Jersey City, NY-NJ-PA",34,New Jersey,3,Bergen,40.85355,-73.96618
14-03-2025,AQS,340030010,3,7.3,ug/m3 LC,41,Fort Lee Near Road,1,100,88101,PM2.5 - Local Conditions,209,Met One BAM-1022 Mass Monitor w/ VSCC or TE-PM2.5C,35620,"New York-Newark-Jersey City, NY-NJ-PA",34,New Jersey,3,Bergen,40.85355,-73.96618
15-03-2025,AQS,340030010,3,6.9,ug/m3 LC,38,Fort Lee Near Road,1,100,88101,PM2.5 - Local Conditions,209,Met One BAM-1022 Mass Monitor w/ VSCC or TE-PM2.5C,35620,"New York-Newark-Jersey City, NY-NJ-PA",34,New Jersey,3,Bergen,40.85355,-73.96618
16-03-2025,AQS,340030010,3,9.3,ug/m3 LC,51,Fort Lee Near Road,1,100,88101,PM2.5 - Local Conditions,209,Met One BAM-1022 Mass Monitor w/ VSCC or TE-PM2.5C,35620,"New York-Newark-Jersey City, NY-NJ-PA",34,New Jersey,3,Bergen,40.85355,-73.96618
17-03-2025,AQS,340030010,3,5.6,ug/m3 LC,31,Fort Lee Near Road,1,100,88101,PM2.5 - Local Conditions,209,Met One BAM-1022 Mass Monitor w/ VSCC or TE-PM2.5C,35620,"New York-Newark-Jersey City, NY-NJ-PA",34,New Jersey,3,Bergen,40.85355,-73.96618
18-03-2025,AQS,340030010,3,3.8,ug/m3 LC,21,Fort Lee Near Road,1,100,88101,PM2.5 - Local Conditions,209,Met One BAM-1022 Mass Monitor w/ VSCC or TE-PM2.5C,35620,"New York-Newark-Jersey City, NY-NJ-PA",34,New Jersey,3,Bergen,40.85355,-73.96618
19-03-2025,AQS,340030010,3,7.7,ug/m3 LC,43,Fort Lee Near Road,1,100,88101,PM2.5 - Local Conditions,209,Met One BAM-1022 Mass Monitor w/ VSCC or TE-PM2.5C,35620,"New York-Newark-Jersey City, NY-NJ-PA",34,New Jersey,3,Bergen,40.85355,-73.96618
20-03-2025,AQS,340030010,3,4.1,ug/m3 LC,23,Fort Lee Near Road,1,100,88101,PM2.5 - Local Conditions,209,Met One BAM-1022 Mass Monitor w/ VSCC or TE-PM2.5C,35620,"New York-Newark-Jersey City, NY-NJ-PA",34,New Jersey,3,Bergen,40.85355,-73.96618
21-03-2025,AQS,340030010,3,6.6,ug/m3 LC,37,Fort Lee Near Road,1,100,88101,PM2.5 - Local Conditions,209,Met One BAM-1022 Mass Monitor w/ VSCC or TE-PM2.5C,35620,"New York-Newark-Jersey City, NY-NJ-PA",34,New Jersey,3,Bergen,40.85355,-73.96618
26-03-2025,AQS,340030010,3,4.2,ug/m3 LC,23,Fort Lee Near Road,1,100,88101,PM2.5 - Local Conditions,209,Met One BAM-1022 Mass Monitor w/ VSCC or TE-PM2.5C,35620,"New York-Newark-Jersey City, NY-NJ-PA",34,New Jersey,3,Bergen,40.85355,-73.96618
27-03-2025,AQS,340030010,3,3.4,ug/m3 LC,19,Fort Lee Near Road,1,100,88101,PM2.5 - Local Conditions,209,Met One BAM-1022 Mass Monitor w/ VSCC or TE-PM2.5C,35620,"New York-Newark-Jersey City, NY-NJ-PA",34,New Jersey,3,Bergen,40.85355,-73.96618
28-03-2025,AQS,340030010,3,8,ug/m3 LC,44,Fort Lee Near Road,1,100,88101,PM2.5 - Local Conditions,209,Met One BAM-1022 Mass Monitor w/ VSCC or TE-PM2.5C,35620,"New York-Newark-Jersey City, NY-NJ-PA",34,New Jersey,3,Bergen,40.85355,-73.96618
29-03-2025,AQS,340030010,3,9.7,ug/m3 LC,52,Fort Lee Near Road,1,100,88101,PM2.5 - Local Conditions,209,Met One BAM-1022 Mass Monitor w/ VSCC or TE-PM2.5C,35620,"New York-Newark-Jersey City, NY-NJ-PA",34,New Jersey,3,Bergen,40.85355,-73.96618
30-03-2025,AQS,340030010,3,8.7,ug/m3 LC,48,Fort Lee Near Road,1,100,88101,PM2.5 - Local Conditions,209,Met One BAM-1022 Mass Monitor w/ VSCC or TE-PM2.5C,35620,"New York-Newark-Jersey City, NY-NJ-PA",34,New Jersey,3,Bergen,40.85355,-73.96618
31-03-2025,AQS,340030010,3,11.6,ug/m3 LC,56,Fort Lee Near Road,1,100,88101,PM2.5 - Local Conditions,209,Met One BAM-1022 Mass Monitor w/ VSCC or TE-PM2.5C,35620,"New York-Newark-Jersey City, NY-NJ-PA",34,New Jersey,3,Bergen,40.85355,-73.96618
01-04-2025,AQS,340030010,3,4.1,ug/m3 LC,23,Fort Lee Near Road,1,100,88101,PM2.5 - Local Conditions,209,Met One BAM-1022 Mass Monitor w/ VSCC or TE-PM2.5C,35620,"New York-Newark-Jersey City, NY-NJ-PA",34,New Jersey,3,Bergen,40.85355,-73.96618
02-04-2025,AQS,340030010,3,4.4,ug/m3 LC,24,Fort Lee Near Road,1,100,88101,PM2.5 - Local Conditions,209,Met One BAM-1022 Mass Monitor w/ VSCC or TE-PM2.5C,35620,"New York-Newark-Jersey City, NY-NJ-PA",34,New Jersey,3,Bergen,40.85355,-73.96618
03-04-2025,AQS,340030010,3,9.7,ug/m3 LC,52,Fort Lee Near Road,1,100,88101,PM2.5 - Local Conditions,209,Met One BAM-1022 Mass Monitor w/ VSCC or TE-PM2.5C,35620,"New York-Newark-Jersey City, NY-NJ-PA",34,New Jersey,3,Bergen,40.85355,-73.96618
04-04-2025,AQS,340030010,3,4.6,ug/m3 LC,26,Fort Lee Near Road,1,100,88101,PM2.5 - Local Conditions,209,Met One BAM-1022 Mass Monitor w/ VSCC or TE-PM2.5C,35620,"New York-Newark-Jersey City, NY-NJ-PA",34,New Jersey,3,Bergen,40.85355,-73.96618
05-04-2025,AQS,340030010,3,3.5,ug/m3 LC,19,Fort Lee Near Road,1,100,88101,PM2.5 - Local Conditions,209,Met One BAM-1022 Mass Monitor w/ VSCC or TE-PM2.5C,35620,"New York-Newark-Jersey City, NY-NJ-PA",34,New Jersey,3,Bergen,40.85355,-73.96618
06-04-2025,AQS,340030010,3,3.2,ug/m3 LC,18,Fort Lee Near Road,1,100,88101,PM2.5 - Local Conditions,209,Met One BAM-1022 Mass Monitor w/ VSCC or TE-PM2.5C,35620,"New York-Newark-Jersey City, NY-NJ-PA",34,New Jersey,3,Bergen,40.85355,-73.96618
07-04-2025,AQS,340030010,3,4.5,ug/m3 LC,25,Fort Lee Near Road,1,100,88101,PM2.5 - Local Conditions,209,Met One BAM-1022 Mass Monitor w/ VSCC or TE-PM2.5C,35620,"New York-Newark-Jersey City, NY-NJ-PA",34,New Jersey,3,Bergen,40.85355,-73.96618
08-04-2025,AQS,340030010,3,4.6,ug/m3 LC,26,Fort Lee Near Road,1,100,88101,PM2.5 - Local Conditions,209,Met One BAM-1022 Mass Monitor w/ VSCC or TE-PM2.5C,35620,"New York-Newark-Jersey City, NY-NJ-PA",34,New Jersey,3,Bergen,40.85355,-73.96618
09-04-2025,AQS,340030010,3,3.2,ug/m3 LC,18,Fort Lee Near Road,1,100,88101,PM2.5 - Local Conditions,209,Met One BAM-1022 Mass Monitor w/ VSCC or TE-PM2.5C,35620,"New York-Newark-Jersey City, NY-NJ-PA",34,New Jersey,3,Bergen,40.85355,-73.96618
10-04-2025,AQS,340030010,3,6.7,ug/m3 LC,37,Fort Lee Near Road,1,100,88101,PM2.5 - Local Conditions,209,Met One BAM-1022 Mass Monitor w/ VSCC or TE-PM2.5C,35620,"New York-Newark-Jersey City, NY-NJ-PA",34,New Jersey,3,Bergen,40.85355,-73.96618
11-04-2025,AQS,340030010,3,5.5,ug/m3 LC,31,Fort Lee Near Road,1,100,88101,PM2.5 - Local Conditions,209,Met One BAM-1022 Mass Monitor w/ VSCC or TE-PM2.5C,35620,"New York-Newark-Jersey City, NY-NJ-PA",34,New Jersey,3,Bergen,40.85355,-73.96618
12-04-2025,AQS,340030010,3,1.2,ug/m3 LC,7,Fort Lee Near Road,1,100,88101,PM2.5 - Local Conditions,209,Met One BAM-1022 Mass Monitor w/ VSCC or TE-PM2.5C,35620,"New York-Newark-Jersey City, NY-NJ-PA",34,New Jersey,3,Bergen,40.85355,-73.96618
13-04-2025,AQS,340030010,3,2.3,ug/m3 LC,13,Fort Lee Near Road,1,100,88101,PM2.5 - Local Conditions,209,Met One BAM-1022 Mass Monitor w/ VSCC or TE-PM2.5C,35620,"New York-Newark-Jersey City, NY-NJ-PA",34,New Jersey,3,Bergen,40.85355,-73.96618
14-04-2025,AQS,340030010,3,7.2,ug/m3 LC,40,Fort Lee Near Road,1,100,88101,PM2.5 - Local Conditions,209,Met One BAM-1022 Mass Monitor w/ VSCC or TE-PM2.5C,35620,"New York-Newark-Jersey City, NY-NJ-PA",34,New Jersey,3,Bergen,40.85355,-73.96618
15-04-2025,AQS,340030010,3,8.9,ug/m3 LC,49,Fort Lee Near Road,1,100,88101,PM2.5 - Local Conditions,209,Met One BAM-1022 Mass Monitor w/ VSCC or TE-PM2.5C,35620,"New York-Newark-Jersey City, NY-NJ-PA",34,New Jersey,3,Bergen,40.85355,-73.96618
16-04-2025,AQS,340030010,3,9.2,ug/m3 LC,51,Fort Lee Near Road,1,100,88101,PM2.5 - Local Conditions,209,Met One BAM-1022 Mass Monitor w/ VSCC or TE-PM2.5C,35620,"New York-Newark-Jersey City, NY-NJ-PA",34,New Jersey,3,Bergen,40.85355,-73.96618
17-04-2025,AQS,340030010,3,14.2,ug/m3 LC,61,Fort Lee Near Road,1,100,88101,PM2.5 - Local Conditions,209,Met One BAM-1022 Mass Monitor w/ VSCC or TE-PM2.5C,35620,"New York-Newark-Jersey City, NY-NJ-PA",34,New Jersey,3,Bergen,40.85355,-73.96618
18-04-2025,AQS,340030010,3,4.1,ug/m3 LC,23,Fort Lee Near Road,1,100,88101,PM2.5 - Local Conditions,209,Met One BAM-1022 Mass Monitor w/ VSCC or TE-PM2.5C,35620,"New York-Newark-Jersey City, NY-NJ-PA",34,New Jersey,3,Bergen,40.85355,-73.96618
19-04-2025,AQS,340030010,3,4.6,ug/m3 LC,26,Fort Lee Near Road,1,100,88101,PM2.5 - Local Conditions,209,Met One BAM-1022 Mass Monitor w/ VSCC or TE-PM2.5C,35620,"New York-Newark-Jersey City, NY-NJ-PA",34,New Jersey,3,Bergen,40.85355,-73.96618
20-04-2025,AQS,340030010,3,9.5,ug/m3 LC,52,Fort Lee Near Road,1,100,88101,PM2.5 - Local Conditions,209,Met One BAM-1022 Mass Monitor w/ VSCC or TE-PM2.5C,35620,"New York-Newark-Jersey City, NY-NJ-PA",34,New Jersey,3,Bergen,40.85355,-73.96618
21-04-2025,AQS,340030010,3,6.8,ug/m3 LC,38,Fort Lee Near Road,1,100,88101,PM2.5 - Local Conditions,209,Met One BAM-1022 Mass Monitor w/ VSCC or TE-PM2.5C,35620,"New York-Newark-Jersey City, NY-NJ-PA",34,New Jersey,3,Bergen,40.85355,-73.96618
02-05-2025,AQS,340030010,3,13.7,ug/m3 LC,60,Fort Lee Near Road,1,100,88101,PM2.5 - Local Conditions,209,Met One BAM-1022 Mass Monitor w/ VSCC or TE-PM2.5C,35620,"New York-Newark-Jersey City, NY-NJ-PA",34,New Jersey,3,Bergen,40.85355,-73.96618
03-05-2025,AQS,340030010,3,13,ug/m3 LC,58,Fort Lee Near Road,1,100,88101,PM2.5 - Local Conditions,209,Met One BAM-1022 Mass Monitor w/ VSCC or TE-PM2.5C,35620,"New York-Newark-Jersey City, NY-NJ-PA",34,New Jersey,3,Bergen,40.85355,-73.96618
04-05-2025,AQS,340030010,3,9.2,ug/m3 LC,51,Fort Lee Near Road,1,100,88101,PM2.5 - Local Conditions,209,Met One BAM-1022 Mass Monitor w/ VSCC or TE-PM2.5C,35620,"New York-Newark-Jersey City, NY-NJ-PA",34,New Jersey,3,Bergen,40.85355,-73.96618
05-05-2025,AQS,340030010,3,5.4,ug/m3 LC,30,Fort Lee Near Road,1,100,88101,PM2.5 - Local Conditions,209,Met One BAM-1022 Mass Monitor w/ VSCC or TE-PM2.5C,35620,"New York-Newark-Jersey City, NY-NJ-PA",34,New Jersey,3,Bergen,40.85355,-73.96618
06-05-2025,AQS,340030010,3,6.5,ug/m3 LC,36,Fort Lee Near Road,1,100,88101,PM2.5 - Local Conditions,209,Met One BAM-1022 Mass Monitor w/ VSCC or TE-PM2.5C,35620,"New York-Newark-Jersey City, NY-NJ-PA",34,New Jersey,3,Bergen,40.85355,-73.96618
07-05-2025,AQS,340030010,3,5.7,ug/m3 LC,32,Fort Lee Near Road,1,100,88101,PM2.5 - Local Conditions,209,Met One BAM-1022 Mass Monitor w/ VSCC or TE-PM2.5C,35620,"New York-Newark-Jersey City, NY-NJ-PA",34,New Jersey,3,Bergen,40.85355,-73.96618
08-05-2025,AQS,340030010,3,7.2,ug/m3 LC,40,Fort Lee Near Road,1,100,88101,PM2.5 - Local Conditions,209,Met One BAM-1022 Mass Monitor w/ VSCC or TE-PM2.5C,35620,"New York-Newark-Jersey City, NY-NJ-PA",34,New Jersey,3,Bergen,40.85355,-73.96618
09-05-2025,AQS,340030010,3,4.3,ug/m3 LC,24,Fort Lee Near Road,1,100,88101,PM2.5 - Local Conditions,209,Met One BAM-1022 Mass Monitor w/ VSCC or TE-PM2.5C,35620,"New York-Newark-Jersey City, NY-NJ-PA",34,New Jersey,3,Bergen,40.85355,-73.96618
10-05-2025,AQS,340030010,3,3.5,ug/m3 LC,19,Fort Lee Near Road,1,100,88101,PM2.5 - Local Conditions,209,Met One BAM-1022 Mass Monitor w/ VSCC or TE-PM2.5C,35620,"New York-Newark-Jersey City, NY-NJ-PA",34,New Jersey,3,Bergen,40.85355,-73.96618
11-05-2025,AQS,340030010,3,6.7,ug/m3 LC,37,Fort Lee Near Road,1,100,88101,PM2.5 - Local Conditions,209,Met One BAM-1022 Mass Monitor w/ VSCC or TE-PM2.5C,35620,"New York-Newark-Jersey City, NY-NJ-PA",34,New Jersey,3,Bergen,40.85355,-73.96618
12-05-2025,AQS,340030010,3,7.8,ug/m3 LC,43,Fort Lee Near Road,1,100,88101,PM2.5 - Local Conditions,209,Met One BAM-1022 Mass Monitor w/ VSCC or TE-PM2.5C,35620,"New York-Newark-Jersey City, NY-NJ-PA",34,New Jersey,3,Bergen,40.85355,-73.96618
13-05-2025,AQS,340030010,3,11.9,ug/m3 LC,56,Fort Lee Near Road,1,100,88101,PM2.5 - Local Conditions,209,Met One BAM-1022 Mass Monitor w/ VSCC or TE-PM2.5C,35620,"New York-Newark-Jersey City, NY-NJ-PA",34,New Jersey,3,Bergen,40.85355,-73.96618
14-05-2025,AQS,340030010,3,8.5,ug/m3 LC,47,Fort Lee Near Road,1,100,88101,PM2.5 - Local Conditions,209,Met One BAM-1022 Mass Monitor w/ VSCC or TE-PM2.5C,35620,"New York-Newark-Jersey City, NY-NJ-PA",34,New Jersey,3,Bergen,40.85355,-73.96618
15-05-2025,AQS,340030010,3,9.1,ug/m3 LC,51,Fort Lee Near Road,1,100,88101,PM2.5 - Local Conditions,209,Met One BAM-1022 Mass Monitor w/ VSCC or TE-PM2.5C,35620,"New York-Newark-Jersey City, NY-NJ-PA",34,New Jersey,3,Bergen,40.85355,-73.96618
16-05-2025,AQS,340030010,3,16.4,ug/m3 LC,65,Fort Lee Near Road,1,100,88101,PM2.5 - Local Conditions,209,Met One BAM-1022 Mass Monitor w/ VSCC or TE-PM2.5C,35620,"New York-Newark-Jersey City, NY-NJ-PA",34,New Jersey,3,Bergen,40.85355,-73.96618
17-05-2025,AQS,340030010,3,10.6,ug/m3 LC,54,Fort Lee Near Road,1,100,88101,PM2.5 - Local Conditions,209,Met One BAM-1022 Mass Monitor w/ VSCC or TE-PM2.5C,35620,"New York-Newark-Jersey City, NY-NJ-PA",34,New Jersey,3,Bergen,40.85355,-73.96618
18-05-2025,AQS,340030010,3,2.6,ug/m3 LC,14,Fort Lee Near Road,1,100,88101,PM2.5 - Local Conditions,209,Met One BAM-1022 Mass Monitor w/ VSCC or TE-PM2.5C,35620,"New York-Newark-Jersey City, NY-NJ-PA",34,New Jersey,3,Bergen,40.85355,-73.96618
19-05-2025,AQS,340030010,3,3.8,ug/m3 LC,21,Fort Lee Near Road,1,100,88101,PM2.5 - Local Conditions,209,Met One BAM-1022 Mass Monitor w/ VSCC or TE-PM2.5C,35620,"New York-Newark-Jersey City, NY-NJ-PA",34,New Jersey,3,Bergen,40.85355,-73.96618
20-05-2025,AQS,340030010,3,3.4,ug/m3 LC,19,Fort Lee Near Road,1,100,88101,PM2.5 - Local Conditions,209,Met One BAM-1022 Mass Monitor w/ VSCC or TE-PM2.5C,35620,"New York-Newark-Jersey City, NY-NJ-PA",34,New Jersey,3,Bergen,40.85355,-73.96618
21-05-2025,AQS,340030010,3,4.7,ug/m3 LC,26,Fort Lee Near Road,1,100,88101,PM2.5 - Local Conditions,209,Met One BAM-1022 Mass Monitor w/ VSCC or TE-PM2.5C,35620,"New York-Newark-Jersey City, NY-NJ-PA",34,New Jersey,3,Bergen,40.85355,-73.96618
22-05-2025,AQS,340030010,3,2.7,ug/m3 LC,15,Fort Lee Near Road,1,100,88101,PM2.5 - Local Conditions,209,Met One BAM-1022 Mass Monitor w/ VSCC or TE-PM2.5C,35620,"New York-Newark-Jersey City, NY-NJ-PA",34,New Jersey,3,Bergen,40.85355,-73.96618
23-05-2025,AQS,340030010,3,4.9,ug/m3 LC,27,Fort Lee Near Road,1,100,88101,PM2.5 - Local Conditions,209,Met One BAM-1022 Mass Monitor w/ VSCC or TE-PM2.5C,35620,"New York-Newark-Jersey City, NY-NJ-PA",34,New Jersey,3,Bergen,40.85355,-73.96618
24-05-2025,AQS,340030010,3,2,ug/m3 LC,11,Fort Lee Near Road,1,100,88101,PM2.5 - Local Conditions,209,Met One BAM-1022 Mass Monitor w/ VSCC or TE-PM2.5C,35620,"New York-Newark-Jersey City, NY-NJ-PA",34,New Jersey,3,Bergen,40.85355,-73.96618
25-05-2025,AQS,340030010,3,2.7,ug/m3 LC,15,Fort Lee Near Road,1,100,88101,PM2.5 - Local Conditions,209,Met One BAM-1022 Mass Monitor w/ VSCC or TE-PM2.5C,35620,"New York-Newark-Jersey City, NY-NJ-PA",34,New Jersey,3,Bergen,40.85355,-73.96618
26-05-2025,AQS,340030010,3,4.9,ug/m3 LC,27,Fort Lee Near Road,1,100,88101,PM2.5 - Local Conditions,209,Met One BAM-1022 Mass Monitor w/ VSCC or TE-PM2.5C,35620,"New York-Newark-Jersey City, NY-NJ-PA",34,New Jersey,3,Bergen,40.85355,-73.96618
27-05-2025,AQS,340030010,3,6.9,ug/m3 LC,38,Fort Lee Near Road,1,100,88101,PM2.5 - Local Conditions,209,Met One BAM-1022 Mass Monitor w/ VSCC or TE-PM2.5C,35620,"New York-Newark-Jersey City, NY-NJ-PA",34,New Jersey,3,Bergen,40.85355,-73.96618
28-05-2025,AQS,340030010,3,6.3,ug/m3 LC,35,Fort Lee Near Road,1,100,88101,PM2.5 - Local Conditions,209,Met One BAM-1022 Mass Monitor w/ VSCC or TE-PM2.5C,35620,"New York-Newark-Jersey City, NY-NJ-PA",34,New Jersey,3,Bergen,40.85355,-73.96618
29-05-2025,AQS,340030010,3,5.2,ug/m3 LC,29,Fort Lee Near Road,1,100,88101,PM2.5 - Local Conditions,209,Met One BAM-1022 Mass Monitor w/ VSCC or TE-PM2.5C,35620,"New York-Newark-Jersey City, NY-NJ-PA",34,New Jersey,3,Bergen,40.85355,-73.96618
30-05-2025,AQS,340030010,3,9.7,ug/m3 LC,52,Fort Lee Near Road,1,100,88101,PM2.5 - Local Conditions,209,Met One BAM-1022 Mass Monitor w/ VSCC or TE-PM2.5C,35620,"New York-Newark-Jersey City, NY-NJ-PA",34,New Jersey,3,Bergen,40.85355,-73.96618
31-05-2025,AQS,340030010,3,3.7,ug/m3 LC,21,Fort Lee Near Road,1,100,88101,PM2.5 - Local Conditions,209,Met One BAM-1022 Mass Monitor w/ VSCC or TE-PM2.5C,35620,"New York-Newark-Jersey City, NY-NJ-PA",34,New Jersey,3,Bergen,40.85355,-73.96618
01-06-2025,AQS,340030010,3,3.1,ug/m3 LC,17,Fort Lee Near Road,1,100,88101,PM2.5 - Local Conditions,209,Met One BAM-1022 Mass Monitor w/ VSCC or TE-PM2.5C,35620,"New York-Newark-Jersey City, NY-NJ-PA",34,New Jersey,3,Bergen,40.85355,-73.96618
02-06-2025,AQS,340030010,3,4.4,ug/m3 LC,24,Fort Lee Near Road,1,100,88101,PM2.5 - Local Conditions,209,Met One BAM-1022 Mass Monitor w/ VSCC or TE-PM2.5C,35620,"New York-Newark-Jersey City, NY-NJ-PA",34,New Jersey,3,Bergen,40.85355,-73.96618
03-06-2025,AQS,340030010,3,7.1,ug/m3 LC,39,Fort Lee Near Road,1,100,88101,PM2.5 - Local Conditions,209,Met One BAM-1022 Mass Monitor w/ VSCC or TE-PM2.5C,35620,"New York-Newark-Jersey City, NY-NJ-PA",34,New Jersey,3,Bergen,40.85355,-73.96618
04-06-2025,AQS,340030010,3,17.4,ug/m3 LC,66,Fort Lee Near Road,1,100,88101,PM2.5 - Local Conditions,209,Met One BAM-1022 Mass Monitor w/ VSCC or TE-PM2.5C,35620,"New York-Newark-Jersey City, NY-NJ-PA",34,New Jersey,3,Bergen,40.85355,-73.96618
05-06-2025,AQS,340030010,3,17.8,ug/m3 LC,67,Fort Lee Near Road,1,100,88101,PM2.5 - Local Conditions,209,Met One BAM-1022 Mass Monitor w/ VSCC or TE-PM2.5C,35620,"New York-Newark-Jersey City, NY-NJ-PA",34,New Jersey,3,Bergen,40.85355,-73.96618
06-06-2025,AQS,340030010,3,19.1,ug/m3 LC,70,Fort Lee Near Road,1,100,88101,PM2.5 - Local Conditions,209,Met One BAM-1022 Mass Monitor w/ VSCC or TE-PM2.5C,35620,"New York-Newark-Jersey City, NY-NJ-PA",34,New Jersey,3,Bergen,40.85355,-73.96618
07-06-2025,AQS,340030010,3,13.1,ug/m3 LC,58,Fort Lee Near Road,1,100,88101,PM2.5 - Local Conditions,209,Met One BAM-1022 Mass Monitor w/ VSCC or TE-PM2.5C,35620,"New York-Newark-Jersey City, NY-NJ-PA",34,New Jersey,3,Bergen,40.85355,-73.96618
08-06-2025,AQS,340030010,3,9.5,ug/m3 LC,52,Fort Lee Near Road,1,100,88101,PM2.5 - Local Conditions,209,Met One BAM-1022 Mass Monitor w/ VSCC or TE-PM2.5C,35620,"New York-Newark-Jersey City, NY-NJ-PA",34,New Jersey,3,Bergen,40.85355,-73.96618
09-06-2025,AQS,340030010,3,12.8,ug/m3 LC,58,Fort Lee Near Road,1,100,88101,PM2.5 - Local Conditions,209,Met One BAM-1022 Mass Monitor w/ VSCC or TE-PM2.5C,35620,"New York-Newark-Jersey City, NY-NJ-PA",34,New Jersey,3,Bergen,40.85355,-73.96618
10-06-2025,AQS,340030010,3,7.8,ug/m3 LC,43,Fort Lee Near Road,1,100,88101,PM2.5 - Local Conditions,209,Met One BAM-1022 Mass Monitor w/ VSCC or TE-PM2.5C,35620,"New York-Newark-Jersey City, NY-NJ-PA",34,New Jersey,3,Bergen,40.85355,-73.96618
11-06-2025,AQS,340030010,3,14.1,ug/m3 LC,60,Fort Lee Near Road,1,100,88101,PM2.5 - Local Conditions,209,Met One BAM-1022 Mass Monitor w/ VSCC or TE-PM2.5C,35620,"New York-Newark-Jersey City, NY-NJ-PA",34,New Jersey,3,Bergen,40.85355,-73.96618
12-06-2025,AQS,340030010,3,17.4,ug/m3 LC,66,Fort Lee Near Road,1,100,88101,PM2.5 - Local Conditions,209,Met One BAM-1022 Mass Monitor w/ VSCC or TE-PM2.5C,35620,"New York-Newark-Jersey City, NY-NJ-PA",34,New Jersey,3,Bergen,40.85355,-73.96618
13-06-2025,AQS,340030010,3,17.6,ug/m3 LC,67,Fort Lee Near Road,1,100,88101,PM2.5 - Local Conditions,209,Met One BAM-1022 Mass Monitor w/ VSCC or TE-PM2.5C,35620,"New York-Newark-Jersey City, NY-NJ-PA",34,New Jersey,3,Bergen,40.85355,-73.96618
14-06-2025,AQS,340030010,3,15.7,ug/m3 LC,63,Fort Lee Near Road,1,100,88101,PM2.5 - Local Conditions,209,Met One BAM-1022 Mass Monitor w/ VSCC or TE-PM2.5C,35620,"New York-Newark-Jersey City, NY-NJ-PA",34,New Jersey,3,Bergen,40.85355,-73.96618
15-06-2025,AQS,340030010,3,9.2,ug/m3 LC,51,Fort Lee Near Road,1,100,88101,PM2.5 - Local Conditions,209,Met One BAM-1022 Mass Monitor w/ VSCC or TE-PM2.5C,35620,"New York-Newark-Jersey City, NY-NJ-PA",34,New Jersey,3,Bergen,40.85355,-73.96618
16-06-2025,AQS,340030010,3,8.5,ug/m3 LC,47,Fort Lee Near Road,1,100,88101,PM2.5 - Local Conditions,209,Met One BAM-1022 Mass Monitor w/ VSCC or TE-PM2.5C,35620,"New York-Newark-Jersey City, NY-NJ-PA",34,New Jersey,3,Bergen,40.85355,-73.96618
17-06-2025,AQS,340030010,3,8.7,ug/m3 LC,48,Fort Lee Near Road,1,100,88101,PM2.5 - Local Conditions,209,Met One BAM-1022 Mass Monitor w/ VSCC or TE-PM2.5C,35620,"New York-Newark-Jersey City, NY-NJ-PA",34,New Jersey,3,Bergen,40.85355,-73.96618
18-06-2025,AQS,340030010,3,8.5,ug/m3 LC,47,Fort Lee Near Road,1,100,88101,PM2.5 - Local Conditions,209,Met One BAM-1022 Mass Monitor w/ VSCC or TE-PM2.5C,35620,"New York-Newark-Jersey City, NY-NJ-PA",34,New Jersey,3,Bergen,40.85355,-73.96618
19-06-2025,AQS,340030010,3,10.4,ug/m3 LC,53,Fort Lee Near Road,1,100,88101,PM2.5 - Local Conditions,209,Met One BAM-1022 Mass Monitor w/ VSCC or TE-PM2.5C,35620,"New York-Newark-Jersey City, NY-NJ-PA",34,New Jersey,3,Bergen,40.85355,-73.96618
20-06-2025,AQS,340030010,3,6.8,ug/m3 LC,38,Fort Lee Near Road,1,100,88101,PM2.5 - Local Conditions,209,Met One BAM-1022 Mass Monitor w/ VSCC or TE-PM2.5C,35620,"New York-Newark-Jersey City, NY-NJ-PA",34,New Jersey,3,Bergen,40.85355,-73.96618
21-06-2025,AQS,340030010,3,9,ug/m3 LC,50,Fort Lee Near Road,1,100,88101,PM2.5 - Local Conditions,209,Met One BAM-1022 Mass Monitor w/ VSCC or TE-PM2.5C,35620,"New York-Newark-Jersey City, NY-NJ-PA",34,New Jersey,3,Bergen,40.85355,-73.96618
22-06-2025,AQS,340030010,3,13.3,ug/m3 LC,59,Fort Lee Near Road,1,100,88101,PM2.5 - Local Conditions,209,Met One BAM-1022 Mass Monitor w/ VSCC or TE-PM2.5C,35620,"New York-Newark-Jersey City, NY-NJ-PA",34,New Jersey,3,Bergen,40.85355,-73.96618
23-06-2025,AQS,340030010,3,18.1,ug/m3 LC,68,Fort Lee Near Road,1,100,88101,PM2.5 - Local Conditions,209,Met One BAM-1022 Mass Monitor w/ VSCC or TE-PM2.5C,35620,"New York-Newark-Jersey City, NY-NJ-PA",34,New Jersey,3,Bergen,40.85355,-73.96618
24-06-2025,AQS,340030010,3,14.6,ug/m3 LC,61,Fort Lee Near Road,1,100,88101,PM2.5 - Local Conditions,209,Met One BAM-1022 Mass Monitor w/ VSCC or TE-PM2.5C,35620,"New York-Newark-Jersey City, NY-NJ-PA",34,New Jersey,3,Bergen,40.85355,-73.96618
25-06-2025,AQS,340030010,3,10.6,ug/m3 LC,54,Fort Lee Near Road,1,100,88101,PM2.5 - Local Conditions,209,Met One BAM-1022 Mass Monitor w/ VSCC or TE-PM2.5C,35620,"New York-Newark-Jersey City, NY-NJ-PA",34,New Jersey,3,Bergen,40.85355,-73.96618
26-06-2025,AQS,340030010,3,8.9,ug/m3 LC,49,Fort Lee Near Road,1,100,88101,PM2.5 - Local Conditions,209,Met One BAM-1022 Mass Monitor w/ VSCC or TE-PM2.5C,35620,"New York-Newark-Jersey City, NY-NJ-PA",34,New Jersey,3,Bergen,40.85355,-73.96618
27-06-2025,AQS,340030010,3,6.3,ug/m3 LC,35,Fort Lee Near Road,1,100,88101,PM2.5 - Local Conditions,209,Met One BAM-1022 Mass Monitor w/ VSCC or TE-PM2.5C,35620,"New York-Newark-Jersey City, NY-NJ-PA",34,New Jersey,3,Bergen,40.85355,-73.96618
28-06-2025,AQS,340030010,3,9.4,ug/m3 LC,52,Fort Lee Near Road,1,100,88101,PM2.5 - Local Conditions,209,Met One BAM-1022 Mass Monitor w/ VSCC or TE-PM2.5C,35620,"New York-Newark-Jersey City, NY-NJ-PA",34,New Jersey,3,Bergen,40.85355,-73.96618
29-06-2025,AQS,340030010,3,8.7,ug/m3 LC,48,Fort Lee Near Road,1,100,88101,PM2.5 - Local Conditions,209,Met One BAM-1022 Mass Monitor w/ VSCC or TE-PM2.5C,35620,"New York-Newark-Jersey City, NY-NJ-PA",34,New Jersey,3,Bergen,40.85355,-73.96618
30-06-2025,AQS,340030010,3,9.7,ug/m3 LC,52,Fort Lee Near Road,1,100,88101,PM2.5 - Local Conditions,209,Met One BAM-1022 Mass Monitor w/ VSCC or TE-PM2.5C,35620,"New York-Newark-Jersey City, NY-NJ-PA",34,New Jersey,3,Bergen,40.85355,-73.96618
01-07-2025,AirNow,340030010,3,9.3,ug/m3 LC,51,Fort Lee Near Road,1,100,88101,PM2.5 - Local Conditions,,,35620,"New York-Newark-Jersey City, NY-NJ-PA",34,New Jersey,3,Bergen,40.85355,-73.96618
02-07-2025,AirNow,340030010,3,9.7,ug/m3 LC,52,Fort Lee Near Road,1,100,88101,PM2.5 - Local Conditions,,,35620,"New York-Newark-Jersey City, NY-NJ-PA",34,New Jersey,3,Bergen,40.85355,-73.96618
03-07-2025,AirNow,340030010,3,12.2,ug/m3 LC,57,Fort Lee Near Road,1,100,88101,PM2.5 - Local Conditions,,,35620,"New York-Newark-Jersey City, NY-NJ-PA",34,New Jersey,3,Bergen,40.85355,-73.96618
04-07-2025,AirNow,340030010,3,9.5,ug/m3 LC,52,Fort Lee Near Road,1,100,88101,PM2.5 - Local Conditions,,,35620,"New York-Newark-Jersey City, NY-NJ-PA",34,New Jersey,3,Bergen,40.85355,-73.96618
05-07-2025,AirNow,340030010,3,14,ug/m3 LC,60,Fort Lee Near Road,1,100,88101,PM2.5 - Local Conditions,,,35620,"New York-Newark-Jersey City, NY-NJ-PA",34,New Jersey,3,Bergen,40.85355,-73.96618
06-07-2025,AirNow,340030010,3,13.5,ug/m3 LC,59,Fort Lee Near Road,1,100,88101,PM2.5 - Local Conditions,,,35620,"New York-Newark-Jersey City, NY-NJ-PA",34,New Jersey,3,Bergen,40.85355,-73.96618
07-07-2025,AirNow,340030010,3,7.7,ug/m3 LC,43,Fort Lee Near Road,1,100,88101,PM2.5 - Local Conditions,,,35620,"New York-Newark-Jersey City, NY-NJ-PA",34,New Jersey,3,Bergen,40.85355,-73.96618
08-07-2025,AirNow,340030010,3,8.2,ug/m3 LC,46,Fort Lee Near Road,1,100,88101,PM2.5 - Local Conditions,,,35620,"New York-Newark-Jersey City, NY-NJ-PA",34,New Jersey,3,Bergen,40.85355,-73.96618
09-07-2025,AirNow,340030010,3,7.9,ug/m3 LC,44,Fort Lee Near Road,1,100,88101,PM2.5 - Local Conditions,,,35620,"New York-Newark-Jersey City, NY-NJ-PA",34,New Jersey,3,Bergen,40.85355,-73.96618
10-07-2025,AirNow,340030010,3,9.7,ug/m3 LC,52,Fort Lee Near Road,1,100,88101,PM2.5 - Local Conditions,,,35620,"New York-Newark-Jersey City, NY-NJ-PA",34,New Jersey,3,Bergen,40.85355,-73.96618
11-07-2025,AirNow,340030010,3,10.2,ug/m3 LC,53,Fort Lee Near Road,1,100,88101,PM2.5 - Local Conditions,,,35620,"New York-Newark-Jersey City, NY-NJ-PA",34,New Jersey,3,Bergen,40.85355,-73.96618
12-07-2025,AirNow,340030010,3,7.3,ug/m3 LC,41,Fort Lee Near Road,1,100,88101,PM2.5 - Local Conditions,,,35620,"New York-Newark-Jersey City, NY-NJ-PA",34,New Jersey,3,Bergen,40.85355,-73.96618
13-07-2025,AirNow,340030010,3,3.5,ug/m3 LC,19,Fort Lee Near Road,1,100,88101,PM2.5 - Local Conditions,,,35620,"New York-Newark-Jersey City, NY-NJ-PA",34,New Jersey,3,Bergen,40.85355,-73.96618
14-07-2025,AirNow,340030010,3,6,ug/m3 LC,33,Fort Lee Near Road,1,100,88101,PM2.5 - Local Conditions,,,35620,"New York-Newark-Jersey City, NY-NJ-PA",34,New Jersey,3,Bergen,40.85355,-73.96618
15-07-2025,AirNow,340030010,3,7.5,ug/m3 LC,42,Fort Lee Near Road,1,100,88101,PM2.5 - Local Conditions,,,35620,"New York-Newark-Jersey City, NY-NJ-PA",34,New Jersey,3,Bergen,40.85355,-73.96618
16-07-2025,AirNow,340030010,3,9.8,ug/m3 LC,52,Fort Lee Near Road,1,100,88101,PM2.5 - Local Conditions,,,35620,"New York-Newark-Jersey City, NY-NJ-PA",34,New Jersey,3,Bergen,40.85355,-73.96618
17-07-2025,AirNow,340030010,3,7.5,ug/m3 LC,42,Fort Lee Near Road,1,100,88101,PM2.5 - Local Conditions,,,35620,"New York-Newark-Jersey City, NY-NJ-PA",34,New Jersey,3,Bergen,40.85355,-73.96618
18-07-2025,AirNow,340030010,3,3.1,ug/m3 LC,17,Fort Lee Near Road,1,100,88101,PM2.5 - Local Conditions,,,35620,"New York-Newark-Jersey City, NY-NJ-PA",34,New Jersey,3,Bergen,40.85355,-73.96618
19-07-2025,AirNow,340030010,3,5.2,ug/m3 LC,29,Fort Lee Near Road,1,100,88101,PM2.5 - Local Conditions,,,35620,"New York-Newark-Jersey City, NY-NJ-PA",34,New Jersey,3,Bergen,40.85355,-73.96618
20-07-2025,AirNow,340030010,3,7.1,ug/m3 LC,39,Fort Lee Near Road,1,100,88101,PM2.5 - Local Conditions,,,35620,"New York-Newark-Jersey City, NY-NJ-PA",34,New Jersey,3,Bergen,40.85355,-73.96618
21-07-2025,AirNow,340030010,3,8.9,ug/m3 LC,49,Fort Lee Near Road,1,100,88101,PM2.5 - Local Conditions,,,35620,"New York-Newark-Jersey City, NY-NJ-PA",34,New Jersey,3,Bergen,40.85355,-73.96618
22-07-2025,AirNow,340030010,3,6.6,ug/m3 LC,37,Fort Lee Near Road,1,100,88101,PM2.5 - Local Conditions,,,35620,"New York-Newark-Jersey City, NY-NJ-PA",34,New Jersey,3,Bergen,40.85355,-73.96618
23-07-2025,AirNow,340030010,3,6.5,ug/m3 LC,36,Fort Lee Near Road,1,100,88101,PM2.5 - Local Conditions,,,35620,"New York-Newark-Jersey City, NY-NJ-PA",34,New Jersey,3,Bergen,40.85355,-73.96618
24-07-2025,AirNow,340030010,3,9.1,ug/m3 LC,51,Fort Lee Near Road,1,100,88101,PM2.5 - Local Conditions,,,35620,"New York-Newark-Jersey City, NY-NJ-PA",34,New Jersey,3,Bergen,40.85355,-73.96618
25-07-2025,AirNow,340030010,3,11.3,ug/m3 LC,55,Fort Lee Near Road,1,100,88101,PM2.5 - Local Conditions,,,35620,"New York-Newark-Jersey City, NY-NJ-PA",34,New Jersey,3,Bergen,40.85355,-73.96618
26-07-2025,AirNow,340030010,3,24.7,ug/m3 LC,80,Fort Lee Near Road,1,100,88101,PM2.5 - Local Conditions,,,35620,"New York-Newark-Jersey City, NY-NJ-PA",34,New Jersey,3,Bergen,40.85355,-73.96618
27-07-2025,AirNow,340030010,3,27,ug/m3 LC,84,Fort Lee Near Road,1,100,88101,PM2.5 - Local Conditions,,,35620,"New York-Newark-Jersey City, NY-NJ-PA",34,New Jersey,3,Bergen,40.85355,-73.96618
28-07-2025,AirNow,340030010,3,15.3,ug/m3 LC,63,Fort Lee Near Road,1,100,88101,PM2.5 - Local Conditions,,,35620,"New York-Newark-Jersey City, NY-NJ-PA",34,New Jersey,3,Bergen,40.85355,-73.96618
01-08-2025,AirNow,340030010,3,8.1,ug/m3 LC,45,Fort Lee Near Road,1,100,88101,PM2.5 - Local Conditions,,,35620,"New York-Newark-Jersey City, NY-NJ-PA",34,New Jersey,3,Bergen,40.85355,-73.96618
02-08-2025,AirNow,340030010,3,9.8,ug/m3 LC,52,Fort Lee Near Road,1,100,88101,PM2.5 - Local Conditions,,,35620,"New York-Newark-Jersey City, NY-NJ-PA",34,New Jersey,3,Bergen,40.85355,-73.96618
03-08-2025,AirNow,340030010,3,12.2,ug/m3 LC,57,Fort Lee Near Road,1,100,88101,PM2.5 - Local Conditions,,,35620,"New York-Newark-Jersey City, NY-NJ-PA",34,New Jersey,3,Bergen,40.85355,-73.96618
04-08-2025,AirNow,340030010,3,20,ug/m3 LC,71,Fort Lee Near Road,1,100,88101,PM2.5 - Local Conditions,,,35620,"New York-Newark-Jersey City, NY-NJ-PA",34,New Jersey,3,Bergen,40.85355,-73.96618
05-08-2025,AirNow,340030010,3,29.7,ug/m3 LC,89,Fort Lee Near Road,1,100,88101,PM2.5 - Local Conditions,,,35620,"New York-Newark-Jersey City, NY-NJ-PA",34,New Jersey,3,Bergen,40.85355,-73.96618
06-08-2025,AirNow,340030010,3,16.5,ug/m3 LC,65,Fort Lee Near Road,1,100,88101,PM2.5 - Local Conditions,,,35620,"New York-Newark-Jersey City, NY-NJ-PA",34,New Jersey,3,Bergen,40.85355,-73.96618
07-08-2025,AirNow,340030010,3,11.4,ug/m3 LC,55,Fort Lee Near Road,1,100,88101,PM2.5 - Local Conditions,,,35620,"New York-Newark-Jersey City, NY-NJ-PA",34,New Jersey,3,Bergen,40.85355,-73.96618
08-08-2025,AirNow,340030010,3,5.9,ug/m3 LC,33,Fort Lee Near Road,1,100,88101,PM2.5 - Local Conditions,,,35620,"New York-Newark-Jersey City, NY-NJ-PA",34,New Jersey,3,Bergen,40.85355,-73.96618
09-08-2025,AirNow,340030010,3,8.8,ug/m3 LC,49,Fort Lee Near Road,1,100,88101,PM2.5 - Local Conditions,,,35620,"New York-Newark-Jersey City, NY-NJ-PA",34,New Jersey,3,Bergen,40.85355,-73.96618
10-08-2025,AirNow,340030010,3,11.7,ug/m3 LC,56,Fort Lee Near Road,1,100,88101,PM2.5 - Local Conditions,,,35620,"New York-Newark-Jersey City, NY-NJ-PA",34,New Jersey,3,Bergen,40.85355,-73.96618
11-08-2025,AirNow,340030010,3,13.5,ug/m3 LC,59,Fort Lee Near Road,1,100,88101,PM2.5 - Local Conditions,,,35620,"New York-Newark-Jersey City, NY-NJ-PA",34,New Jersey,3,Bergen,40.85355,-73.96618
12-08-2025,AirNow,340030010,3,10.8,ug/m3 LC,54,Fort Lee Near Road,1,100,88101,PM2.5 - Local Conditions,,,35620,"New York-Newark-Jersey City, NY-NJ-PA",34,New Jersey,3,Bergen,40.85355,-73.96618
13-08-2025,AirNow,340030010,3,9.8,ug/m3 LC,52,Fort Lee Near Road,1,100,88101,PM2.5 - Local Conditions,,,35620,"New York-Newark-Jersey City, NY-NJ-PA",34,New Jersey,3,Bergen,40.85355,-73.96618
14-08-2025,AirNow,340030010,3,9.8,ug/m3 LC,52,Fort Lee Near Road,1,100,88101,PM2.5 - Local Conditions,,,35620,"New York-Newark-Jersey City, NY-NJ-PA",34,New Jersey,3,Bergen,40.85355,-73.96618
15-08-2025,AirNow,340030010,3,14,ug/m3 LC,60,Fort Lee Near Road,1,100,88101,PM2.5 - Local Conditions,,,35620,"New York-Newark-Jersey City, NY-NJ-PA",34,New Jersey,3,Bergen,40.85355,-73.96618
16-08-2025,AirNow,340030010,3,13,ug/m3 LC,58,Fort Lee Near Road,1,100,88101,PM2.5 - Local Conditions,,,35620,"New York-Newark-Jersey City, NY-NJ-PA",34,New Jersey,3,Bergen,40.85355,-73.96618
17-08-2025,AirNow,340030010,3,11.7,ug/m3 LC,56,Fort Lee Near Road,1,100,88101,PM2.5 - Local Conditions,,,35620,"New York-Newark-Jersey City, NY-NJ-PA",34,New Jersey,3,Bergen,40.85355,-73.96618
18-08-2025,AirNow,340030010,3,6.5,ug/m3 LC,36,Fort Lee Near Road,1,100,88101,PM2.5 - Local Conditions,,,35620,"New York-Newark-Jersey City, NY-NJ-PA",34,New Jersey,3,Bergen,40.85355,-73.96618
19-08-2025,AirNow,340030010,3,3.7,ug/m3 LC,21,Fort Lee Near Road,1,100,88101,PM2.5 - Local Conditions,,,35620,"New York-Newark-Jersey City, NY-NJ-PA",34,New Jersey,3,Bergen,40.85355,-73.96618
20-08-2025,AirNow,340030010,3,3.8,ug/m3 LC,21,Fort Lee Near Road,1,100,88101,PM2.5 - Local Conditions,,,35620,"New York-Newark-Jersey City, NY-NJ-PA",34,New Jersey,3,Bergen,40.85355,-73.96618
21-08-2025,AirNow,340030010,3,2.6,ug/m3 LC,14,Fort Lee Near Road,1,100,88101,PM2.5 - Local Conditions,,,35620,"New York-Newark-Jersey City, NY-NJ-PA",34,New Jersey,3,Bergen,40.85355,-73.96618
22-08-2025,AirNow,340030010,3,5.3,ug/m3 LC,29,Fort Lee Near Road,1,100,88101,PM2.5 - Local Conditions,,,35620,"New York-Newark-Jersey City, NY-NJ-PA",34,New Jersey,3,Bergen,40.85355,-73.96618
23-08-2025,AirNow,340030010,3,7.6,ug/m3 LC,42,Fort Lee Near Road,1,100,88101,PM2.5 - Local Conditions,,,35620,"New York-Newark-Jersey City, NY-NJ-PA",34,New Jersey,3,Bergen,40.85355,-73.96618
24-08-2025,AirNow,340030010,3,5.6,ug/m3 LC,31,Fort Lee Near Road,1,100,88101,PM2.5 - Local Conditions,,,35620,"New York-Newark-Jersey City, NY-NJ-PA",34,New Jersey,3,Bergen,40.85355,-73.96618
25-08-2025,AirNow,340030010,3,5.4,ug/m3 LC,30,Fort Lee Near Road,1,100,88101,PM2.5 - Local Conditions,,,35620,"New York-Newark-Jersey City, NY-NJ-PA",34,New Jersey,3,Bergen,40.85355,-73.96618
26-08-2025,AirNow,340030010,3,3.7,ug/m3 LC,21,Fort Lee Near Road,1,100,88101,PM2.5 - Local Conditions,,,35620,"New York-Newark-Jersey City, NY-NJ-PA",34,New Jersey,3,Bergen,40.85355,-73.96618
27-08-2025,AirNow,340030010,3,4,ug/m3 LC,22,Fort Lee Near Road,1,100,88101,PM2.5 - Local Conditions,,,35620,"New York-Newark-Jersey City, NY-NJ-PA",34,New Jersey,3,Bergen,40.85355,-73.96618
28-08-2025,AirNow,340030010,3,7.2,ug/m3 LC,40,Fort Lee Near Road,1,100,88101,PM2.5 - Local Conditions,,,35620,"New York-Newark-Jersey City, NY-NJ-PA",34,New Jersey,3,Bergen,40.85355,-73.96618
29-08-2025,AirNow,340030010,3,5.4,ug/m3 LC,30,Fort Lee Near Road,1,100,88101,PM2.5 - Local Conditions,,,35620,"New York-Newark-Jersey City, NY-NJ-PA",34,New Jersey,3,Bergen,40.85355,-73.96618
30-08-2025,AirNow,340030010,3,3.3,ug/m3 LC,18,Fort Lee Near Road,1,100,88101,PM2.5 - Local Conditions,,,35620,"New York-Newark-Jersey City, NY-NJ-PA",34,New Jersey,3,Bergen,40.85355,-73.96618
31-08-2025,AirNow,340030010,3,3.9,ug/m3 LC,22,Fort Lee Near Road,1,100,88101,PM2.5 - Local Conditions,,,35620,"New York-Newark-Jersey City, NY-NJ-PA",34,New Jersey,3,Bergen,40.85355,-73.96618
01-09-2025,AirNow,340030010,3,5.7,ug/m3 LC,32,Fort Lee Near Road,1,100,88101,PM2.5 - Local Conditions,,,35620,"New York-Newark-Jersey City, NY-NJ-PA",34,New Jersey,3,Bergen,40.85355,-73.96618
02-09-2025,AirNow,340030010,3,6.2,ug/m3 LC,34,Fort Lee Near Road,1,100,88101,PM2.5 - Local Conditions,,,35620,"New York-Newark-Jersey City, NY-NJ-PA",34,New Jersey,3,Bergen,40.85355,-73.96618
03-09-2025,AirNow,340030010,3,7.8,ug/m3 LC,43,Fort Lee Near Road,1,100,88101,PM2.5 - Local Conditions,,,35620,"New York-Newark-Jersey City, NY-NJ-PA",34,New Jersey,3,Bergen,40.85355,-73.96618
04-09-2025,AirNow,340030010,3,5.7,ug/m3 LC,32,Fort Lee Near Road,1,100,88101,PM2.5 - Local Conditions,,,35620,"New York-Newark-Jersey City, NY-NJ-PA",34,New Jersey,3,Bergen,40.85355,-73.96618
05-09-2025,AirNow,340030010,3,10.3,ug/m3 LC,53,Fort Lee Near Road,1,100,88101,PM2.5 - Local Conditions,,,35620,"New York-Newark-Jersey City, NY-NJ-PA",34,New Jersey,3,Bergen,40.85355,-73.96618
06-09-2025,AirNow,340030010,3,5.3,ug/m3 LC,29,Fort Lee Near Road,1,100,88101,PM2.5 - Local Conditions,,,35620,"New York-Newark-Jersey City, NY-NJ-PA",34,New Jersey,3,Bergen,40.85355,-73.96618
07-09-2025,AirNow,340030010,3,4.2,ug/m3 LC,23,Fort Lee Near Road,1,100,88101,PM2.5 - Local Conditions,,,35620,"New York-Newark-Jersey City, NY-NJ-PA",34,New Jersey,3,Bergen,40.85355,-73.96618
08-09-2025,AirNow,340030010,3,6.1,ug/m3 LC,34,Fort Lee Near Road,1,100,88101,PM2.5 - Local Conditions,,,35620,"New York-Newark-Jersey City, NY-NJ-PA",34,New Jersey,3,Bergen,40.85355,-73.96618
09-09-2025,AirNow,340030010,3,8,ug/m3 LC,44,Fort Lee Near Road,1,100,88101,PM2.5 - Local Conditions,,,35620,"New York-Newark-Jersey City, NY-NJ-PA",34,New Jersey,3,Bergen,40.85355,-73.96618
10-09-2025,AirNow,340030010,3,8.5,ug/m3 LC,47,Fort Lee Near Road,1,100,88101,PM2.5 - Local Conditions,,,35620,"New York-Newark-Jersey City, NY-NJ-PA",34,New Jersey,3,Bergen,40.85355,-73.96618
11-09-2025,AirNow,340030010,3,7.6,ug/m3 LC,42,Fort Lee Near Road,1,100,88101,PM2.5 - Local Conditions,,,35620,"New York-Newark-Jersey City, NY-NJ-PA",34,New Jersey,3,Bergen,40.85355,-73.96618
12-09-2025,AirNow,340030010,3,10.9,ug/m3 LC,54,Fort Lee Near Road,1,100,88101,PM2.5 - Local Conditions,,,35620,"New York-Newark-Jersey City, NY-NJ-PA",34,New Jersey,3,Bergen,40.85355,-73.96618
13-09-2025,AirNow,340030010,3,5.6,ug/m3 LC,31,Fort Lee Near Road,1,100,88101,PM2.5 - Local Conditions,,,35620,"New York-Newark-Jersey City, NY-NJ-PA",34,New Jersey,3,Bergen,40.85355,-73.96618
14-09-2025,AirNow,340030010,3,4.9,ug/m3 LC,27,Fort Lee Near Road,1,100,88101,PM2.5 - Local Conditions,,,35620,"New York-Newark-Jersey City, NY-NJ-PA",34,New Jersey,3,Bergen,40.85355,-73.96618
15-09-2025,AirNow,340030010,3,7.5,ug/m3 LC,42,Fort Lee Near Road,1,100,88101,PM2.5 - Local Conditions,,,35620,"New York-Newark-Jersey City, NY-NJ-PA",34,New Jersey,3,Bergen,40.85355,-73.96618
16-09-2025,AirNow,340030010,3,5.9,ug/m3 LC,33,Fort Lee Near Road,1,100,88101,PM2.5 - Local Conditions,,,35620,"New York-Newark-Jersey City, NY-NJ-PA",34,New Jersey,3,Bergen,40.85355,-73.96618
17-09-2025,AirNow,340030010,3,3.1,ug/m3 LC,17,Fort Lee Near Road,1,100,88101,PM2.5 - Local Conditions,,,35620,"New York-Newark-Jersey City, NY-NJ-PA",34,New Jersey,3,Bergen,40.85355,-73.96618
18-09-2025,AirNow,340030010,3,4,ug/m3 LC,22,Fort Lee Near Road,1,100,88101,PM2.5 - Local Conditions,,,35620,"New York-Newark-Jersey City, NY-NJ-PA",34,New Jersey,3,Bergen,40.85355,-73.96618
19-09-2025,AirNow,340030010,3,5.8,ug/m3 LC,32,Fort Lee Near Road,1,100,88101,PM2.5 - Local Conditions,,,35620,"New York-Newark-Jersey City, NY-NJ-PA",34,New Jersey,3,Bergen,40.85355,-73.96618
20-09-2025,AirNow,340030010,3,8.9,ug/m3 LC,49,Fort Lee Near Road,1,100,88101,PM2.5 - Local Conditions,,,35620,"New York-Newark-Jersey City, NY-NJ-PA",34,New Jersey,3,Bergen,40.85355,-73.96618
21-09-2025,AirNow,340030010,3,12.3,ug/m3 LC,57,Fort Lee Near Road,1,100,88101,PM2.5 - Local Conditions,,,35620,"New York-Newark-Jersey City, NY-NJ-PA",34,New Jersey,3,Bergen,40.85355,-73.96618
22-09-2025,AirNow,340030010,3,7.3,ug/m3 LC,41,Fort Lee Near Road,1,100,88101,PM2.5 - Local Conditions,,,35620,"New York-Newark-Jersey City, NY-NJ-PA",34,New Jersey,3,Bergen,40.85355,-73.96618
23-09-2025,AirNow,340030010,3,4.9,ug/m3 LC,27,Fort Lee Near Road,1,100,88101,PM2.5 - Local Conditions,,,35620,"New York-Newark-Jersey City, NY-NJ-PA",34,New Jersey,3,Bergen,40.85355,-73.96618
24-09-2025,AirNow,340030010,3,7,ug/m3 LC,39,Fort Lee Near Road,1,100,88101,PM2.5 - Local Conditions,,,35620,"New York-Newark-Jersey City, NY-NJ-PA",34,New Jersey,3,Bergen,40.85355,-73.96618
25-09-2025,AirNow,340030010,3,7.5,ug/m3 LC,42,Fort Lee Near Road,1,100,88101,PM2.5 - Local Conditions,,,35620,"New York-Newark-Jersey City, NY-NJ-PA",34,New Jersey,3,Bergen,40.85355,-73.96618
26-09-2025,AirNow,340030010,3,8.7,ug/m3 LC,48,Fort Lee Near Road,1,100,88101,PM2.5 - Local Conditions,,,35620,"New York-Newark-Jersey City, NY-NJ-PA",34,New Jersey,3,Bergen,40.85355,-73.96618
27-09-2025,AirNow,340030010,3,7,ug/m3 LC,39,Fort Lee Near Road,1,100,88101,PM2.5 - Local Conditions,,,35620,"New York-Newark-Jersey City, NY-NJ-PA",34,New Jersey,3,Bergen,40.85355,-73.96618
01-10-2025,AirNow,340030010,3,2.7,ug/m3 LC,15,Fort Lee Near Road,1,100,88101,PM2.5 - Local Conditions,,,35620,"New York-Newark-Jersey City, NY-NJ-PA",34,New Jersey,3,Bergen,40.85355,-73.96618
02-10-2025,AirNow,340030010,3,3,ug/m3 LC,17,Fort Lee Near Road,1,100,88101,PM2.5 - Local Conditions,,,35620,"New York-Newark-Jersey City, NY-NJ-PA",34,New Jersey,3,Bergen,40.85355,-73.96618
03-10-2025,AirNow,340030010,3,7.4,ug/m3 LC,41,Fort Lee Near Road,1,100,88101,PM2.5 - Local Conditions,,,35620,"New York-Newark-Jersey City, NY-NJ-PA",34,New Jersey,3,Bergen,40.85355,-73.96618
